train_loss,epoch,step
4.147784233093262,0,0
4.192950248718262,0,1
3.1518054008483887,0,2
2.8328347206115723,0,3
1.8284188508987427,0,4
5.126972198486328,0,5
1.9248157739639282,0,6
4.743232727050781,0,7
