train_loss,epoch,step
3.385646104812622,0,0
2.851919651031494,0,1
