train_loss,epoch,step
3.062880277633667,0,49
2.830566883087158,0,99
3.242414951324463,0,149
