train_loss,epoch,step
2.7499446868896484,0,0
3.0448811054229736,0,1
4.457859516143799,0,2
3.4784884452819824,0,3
